{
  "anonymization": {
    "lambda_0.0": {
      "eer": 0.00998496440468181,
      "eer_std": 3.1081793528656185e-05,
      "mean_similarity": 0.4873850345611572,
      "similarity_std": 4.866698759542487e-07
    },
    "lambda_0.2": {
      "eer": 0.010117875744511173,
      "eer_std": 2.034781022569632e-05,
      "mean_similarity": 0.48493972420692444,
      "similarity_std": 3.6010283110954333e-07
    },
    "lambda_0.4": {
      "eer": 0.010250787084340574,
      "eer_std": 1.174781371122519e-05,
      "mean_similarity": 0.48252177238464355,
      "similarity_std": 4.529560726496129e-07
    },
    "lambda_0.6": {
      "eer": 0.010441847135345239,
      "eer_std": 0.0,
      "mean_similarity": 0.4801267385482788,
      "similarity_std": 2.540491266245226e-07
    },
    "lambda_0.8": {
      "eer": 0.010616293268871332,
      "eer_std": 2.0347810225741645e-05,
      "mean_similarity": 0.4777641296386719,
      "similarity_std": 9.265918521350613e-08
    },
    "lambda_1.0": {
      "eer": 0.010782432443658063,
      "eer_std": 1.174781371122519e-05,
      "mean_similarity": 0.47541937232017517,
      "similarity_std": 5.842572932124313e-07
    }
  },
  "linkability": {
    "lambda_0.0": {
      "linkability_score": 1.0,
      "eer": 0.03543970981069933
    },
    "lambda_0.2": {
      "linkability_score": 1.0,
      "eer": 0.03587704252765178
    },
    "lambda_0.4": {
      "linkability_score": 1.0,
      "eer": 0.036315688556066594
    },
    "lambda_0.6": {
      "linkability_score": 1.0,
      "eer": 0.03676639076636062
    },
    "lambda_0.8": {
      "linkability_score": 1.0,
      "eer": 0.03723213574612028
    },
    "lambda_1.0": {
      "linkability_score": 1.0,
      "eer": 0.0376789058539545
    }
  },
  "ranking_acc_age": 0.525,
  "ranking_acc_gender": 0.4837962962962963,
  "ranking_acc_pitch": 0.445,
  "ranking_acc_voice_quality": 0.508,
  "attribute_control_accuracy": 0.49,
  "generation_quality": {
    "lambda_0.3": 1.533888067831255e-14,
    "lambda_0.5": 1.542008911509761e-14,
    "lambda_0.7": 1.5496372902327332e-14
  },
  "distance_control": {
    "lambda_0.0": {
      "expected_similarity": 1.0,
      "actual_similarity": 0.4746337831020355,
      "error": 0.5253662168979645
    },
    "lambda_0.2": {
      "expected_similarity": 0.8,
      "actual_similarity": 0.4719052314758301,
      "error": 0.32809476852416997
    },
    "lambda_0.4": {
      "expected_similarity": 0.6,
      "actual_similarity": 0.46922311186790466,
      "error": 0.13077688813209531
    },
    "lambda_0.6": {
      "expected_similarity": 0.4,
      "actual_similarity": 0.46655645966529846,
      "error": 0.06655645966529844
    },
    "lambda_0.8": {
      "expected_similarity": 0.19999999999999996,
      "actual_similarity": 0.46392515301704407,
      "error": 0.2639251530170441
    },
    "lambda_1.0": {
      "expected_similarity": 0.0,
      "actual_similarity": 0.4613126218318939,
      "error": 0.4613126218318939
    }
  }
}